{
  "Tasks": [
    {
      "id": 1,
      "task_name": "Employee1",
      "morning": "No",
      "afternoon": "Yes",
      "evening": "Yes",
      "description": "hiii",
      "date": "2022-10-18"
    },
    {
      "id": 2,
      "task_name": "Employee2",
      "morning": "Yes",
      "afternoon": "Yes",
      "evening": "Yes",
      "description": "hii",
      "date": "2022-10-18"
    },
    {
      "id": 3,
      "task_name": "Employee1",
      "morning": "Yes",
      "afternoon": "Yes",
      "evening": "No",
      "description": "done",
      "date": "2022-10-17"
    },
    {
      "id": 4,
      "task_name": "",
      "morning": "Yes",
      "afternoon": "",
      "evening": "",
      "description": "",
      "date": ""
    },
    {
      "id": 5,
      "task_name": "Shreekrushna",
      "morning": "No",
      "afternoon": "Yes",
      "evening": "Yes",
      "description": "",
      "date": ""
    },
    {
      "id": 6,
      "task_name": "Shreekrushna",
      "morning": "Yes",
      "afternoon": "No",
      "evening": "Yes",
      "description": "",
      "date": ""
    }
  ],
  "AddEmployee": [
    {
      "name": "",
      "meeting": "",
      "task_assigned": "",
      "TL_name": "",
      "remarks": "",
      "id": 1
    }
  ],
  "Register": [
    {
      "username": "1",
      "password": "1",
      "email": "1",
      "desognation": "",
      "id": 1
    },
    {
      "full_name": "djjd",
      "password": "111",
      "email": "krushnaproducts@gmail.com",
      "password2": "111",
      "id": 2
    }
  ]
}